train0	阿是	13
train2	嗯，是	13
train3	嗯对的	13
train4	嗯是	13
train5	是啊干啥	13
train6	是的是的	13
train7	是的怎么了吗	13
train1	对对是的是的	13
train8	本人由于学习不在成都，是否可以让成都的朋友代替去自主签注机为我的港澳通行证加注？是成都本地户籍。	18
train9	成都户口，已有港澳通行证，现在人在外地，想让家人代办加注，需要哪些材料呢	18
train11	户籍地是成都市金牛区，在成都办理的港澳通行证。由于现在人在外地，港澳通行证需要进行首次签注。可否由他人帮忙代理签注？	18
train12	你好，我现在人在外省，我的户口所在地为成都，有港澳通行证，第一次办理签注可以使用自主签注机，或者由他人帮忙签注吗？	18
train13	你好?请教老师?之前办理过的港澳通行证香港1年2次已经用完了?二次签注需要本人前往吗?可否网上直接办理?他人代替前往出入境办理需要携带哪些证件?当场可取吗?谢谢	18
train14	您好！请问我是成都户籍，能否由他人代办护照及港澳通行证？	18
train15	探亲签证可以代签吗？	18
train16	外地港澳通行证，在成都申请二次签注，找人代办需要准备什么资料？	18
train17	我是成都青白江区的户口，办理港澳通行证，请问可不可以让直系亲属代办呢？是去旅游的。	18
train10	港澳通行证是否可以代办	18
train18	想办护照和港澳通行证，因行动不便，可否让配偶拿相关证件帮我办理	18
train20	你好，之前护照和港澳通行证是在宜宾户口所在地办理的，现已把户口迁入成都，如果办理港澳通行证续签需在哪里办理？还有如果可以在现户口所在地成都续签	1
train21	你好啊，我的户口是汶川县的。但是现在常驻彭州市，我想办理台湾、港澳通行证应该去哪里办理比较方便快捷	1
train22	你每次办理地址在哪里	1
train23	我的江北区在哪里办理比较近	1
train24	我在江北区在哪里办比较急	1
train25	我在江北区在哪里办理	1
train26	我在江北区在哪里办理比较新	1
train19	你好，我户口在大邑，但在高新区读中学，可就近在高新区办理港澳通行证吗？	1
train27	办港澳通行证必须要带户口本吗？	15
train28	成华区集体户在成都办理港澳通行证需要户口本吗？	15
train29	你好，我是安徽户口，刚来成都工作半年，想办港澳通行证，需要什么呢？	15
train31	请问成都户口5岁的小朋友办理港澳通行证需要带哪些资料，是否需要本人到，以及需要多久呢，谢谢！	15
train32	请问港澳通行证签注需要带什么东西来办理？	15
train33	请问下，通过蓉城e签选择双向速递办理港澳通行证签注，需要邮寄哪些材料和证件，多谢	15
train34	我是四川省非成都本地户口，能在成都办理港澳通行证个人旅游签注吗？需要准备哪些证件啊，在校大学生	15
train30	你好，我是眉山的户口，在成都上班，没办居住证，如果办护照和港澳通行证需要什么资料？谢谢	15
train35	服务啥意思呀	0
train36	工作日是怎么算的	0
train37	回执单是什么？	0
train38	肩负关系证明是什么	0
train39	监护关系怎么这么样	0
train40	签证是什么意思啊	0
train42	签注是什么意思？	0
train43	天柱是什么意思呀	0
train41	签注是啥意思？	0
train44	帮忙领一下可以吗？	5
train45	本人在人工窗口办理港澳通行证签注后，领取时可以选择邮寄或者委托别人代领吗？	5
train46	代领需要办什么手续？	5
train47	嗯哼办好以后可以找人代理说	5
train48	可以帮别人领签证吗我有回执单	5
train49	请问，代领港澳通行证签注需要带什么东西呢？谢谢	5
train51	圣办好以后可以找人带你不懂	5
train53	咨询一下证件可以代领么？	5
train50	请问下己签注港澳通行证由他人代领，除了申请回执外，还需要带本人身份证和代领人身份证吗	5
train52	已经在网上办理了再次签注，帮朋友代领除了港澳通行证之外还需要其他材料吗？朋友是成都本地户口。	5
train54	快递取证贵不贵呀？	21
train55	快递取证怎么收费？	21
train57	快递收费标准	21
train58	快递证件价格？	21
train60	邮寄费怎么睡呀	21
train61	邮寄签证贵吗？	21
train62	邮寄证件不便宜吧？	21
train63	游戏费用怎么睡呀	21
train56	快递取挣多少钱	21
train59	邮寄费用怎么算啊	21
train87	户口由西藏迁入成都，身份证号是西藏的，可以在成都办理护照和港澳通行证吗？	11
train88	简阳户口能在龙泉这边办理护照和港澳通行证吗	11
train89	可以在自助机或者网上办理二次签注么？	11
train90	你好，我是外地人，年龄60，没有成都居住证，可以在成都办理港澳通行证吗？	11
train91	请问，户籍所在地是眉山市仁寿县，港澳通行证签发地是成都，现在可以在成都市出入境接待中心办理首次签注吗？	11
train93	外地户口可以在成都办理港澳通行证吗？我有成都居住证	11
train94	我户口在四川省内江市资中县，?在成都工作.?请问能否在成都公安办证点办理港澳通行证呢?	11
train96	我是陕西户籍，在成都有房产，但是没有居住证，之前陕西办的港澳通行证过期，能不能在成都补办？	11
train97	以前纸板的港澳通行证到期了换证要需要什么资料什么流程啊？？户籍开县	11
train98	怎么办理	11
train99	重庆户口可以在成都办理港澳通行证续签吗？	11
train92	省内户籍，非成都，川大学生，可以在成都办理护照和港澳通行证吗	11
train95	我老家在自贡，港澳通行证过期了，可以在成都办理吗？	11
train77	办理时间大概多久？	4
train78	办理要多长时间	4
train79	成都高新区集体户口，办理护照，港澳台通行证，需要带哪些材料，现场办理时间是多久，拿到手大概需要多久	4
train80	成都市户口，在成都出入境管理中心办理港澳通行证，能否当天领证？谢谢	4
train81	多久可以拿到通行证？	4
train82	请问港澳通行证办理时间需要多久	4
train84	请问在深圳去港澳通行证回成都牵住多长时间可以拿到	4
train85	时间需要多久谢谢	4
train83	请问外地户籍在重新上大学大学生办理港澳通行证多长时间可以拿到	4
train86	续签拿到通行证时间需要多久？	4
train126	澳门旅游办理证件费用是多少？	2
train127	澳门旅游办理证件费用是好多？	2
train128	办港澳通行证贵不？	2
train129	办港澳通行证要多少钱谢谢	2
train130	但港澳通行证多少钱	2
train131	我办理香港签证要多少钱？	2
train132	要很多钱？	2
train133	有港澳通行证，过期了，但是要到澳门耍，要多少钱？	2
train134	这个号码办签证要多少钱	2
train145	不得行	20
train146	不是不是那个..	20
train147	不是这样	20
train149	没有呢	20
train150	喂不是	20
train151	应该不是的	20
train152	应该不是这样	20
train148	嗯，不是	20
train118	逗留时间有没有限制？	6
train119	港澳通行证可以在香港呆多久	6
train120	护照和港澳台通行证的有效期分别是多少呢? 24周岁	6
train121	你好，我想问下去香港澳门一次可以去几天	6
train122	您好!我想了解一下，一年可以去多少次港澳，旅游团签和个签去港澳的次数一样吗？	6
train124	同时办理了因私赴港澳一次有效签注（31867）和因私赴港澳两次有效签注（31946）收费45元，请问意思是可以去澳门3次吗？	6
train125	住一个月可以不？	6
train123	请问在港澳通行证在香港的停留时间是多久？	6
train100	不初中可以办吗	3
train101	不小学可以办吗	3
train102	读初中可以办吗	3
train103	对办理的年龄有何要求	3
train104	小孩可以办不？	3
train106	婴儿可以办理不？	3
train107	有没有办理的年龄要求有没有	3
train108	有没有年龄限制？	3
train105	小孩是不是没办法办理？	3
train135	付款方式只能刷卡吗	7
train136	就是威信付款不	7
train137	可以现金付费吗？	7
train139	喂我那个就是威信付款吗	7
train141	支持微信不？	7
train142	支持微信付费吗？	7
train143	支持银行卡不？	7
train144	支持支付宝支付吗？	7
train138	微信支付得行不？	7
train140	现金支付得行不？	7
train109	你好，我办的港澳通行证是办的团队出行可以改个人出行吗	19
train111	请问成都户口在办理港澳旅游签注的时候能一次办理多次往返的签证吗？	19
train112	请问开州区居民是不是只能团签港澳不能自由行？	19
train113	请问一下，我爸妈户口在荣昌，他们去办港澳通行证被告知只能办团签，但是他们并不需要跟团，是和我一起出去自由行，请问这个问题怎么解决啊？非常感谢!	19
train114	我10月28日-11月2日六天时间在香港澳门旅游，机票是订的港进港出，中间想去澳门旅游2天，请问需要几次香港签注	19
train115	我是资中是?，办了港澳通行证，但是上面是团队旅游。我想个人旅游怎么办理呢	19
train116	我现在在成都工作，户口不在成都，我的港澳通行证是团队签注，想问一下能改为个人签注吗？	19
train117	已持有内蒙古自治区包头市签发的港澳通行证，可否在成都申请个人旅游签注？户口不在成都	19
train110	你们好，年前我第一次办港澳通行证，把个人游办成了随团游，这怎么办能改吗，我人已经离开重庆在深圳了	19
train153	嗯我的身份证丢失了怎么办	17
train154	复印件可以吗	17
train155	刚落户成都青羊区，目前只有临时身份证，正式身份证还没走拿到，请问可以用临时身份证办理普通护照与港澳通行证吗？	17
train156	好的身份证弄丢了怎么办	17
train157	可以用复印件办理吗	17
train158	可以用户口本办理吗	17
train159	可以用护照或者学生证办理吗	17
train160	没有身份证怎么办？	17
train161	身份证不见了，可以办理吗？	17
train162	我《身份证》丢失，新证要等两、三个月才能办妥，我近期准备出去一趟。请问：我在东升派出所办的临时《身份证》能办理《港澳通行证》、和韩国的护照吗？谢谢！	17
train163	我的身份证弄丢了怎么办	17
train187	5点来可以吗？	12
train188	几点开始上班？	12
train189	几点下班？	12
train191	请问港澳通行证自助签注，一天任何时间均可吗？	12
train192	请问你们几点下班	12
train193	下午办理时间是多久呢？	12
train194	有没有午休？	12
train195	周末有人吗？	12
train190	请问10月1号办理港澳通行证改签可以吗	12
train196	办理完港澳通行证后的回执单掉了，要如何查询办理进度，怎么去取港澳通行证？	9
train197	或者能否改为发快递的形式？我现在在外地，周六才能回去，周天需要使用	9
train198	老师好，我儿子的取证回执单掉了是否可以凭身份证我替他在自助柜机上面领取港澳通行证呢？谢谢。	9
train199	领取已办完的港澳通行证和护照是否只需要带办理时的回执凭证即可	9
train201	我的港澳通行证回执单找不到了，可以本人凭借身份证去领取吗	9
train202	正处级干部港澳通行证签注，取证时需要身份证件吗？	9
train203	之前办理港澳通行证的同时办理了去往香港的签注，现在领取到了港澳通行证，签注在哪领取？	9
train200	领证有哪些途径？	9
train204	本人在香港工作，我妈妈是成都户口，之前办理过一次港澳通行证，现在需要续签来香港探亲。请问需要提供什么材料	16
train206	请问一大陆女和澳门非永久居民在成都登记，要如何办理赴港澳夫妻团聚，期间夫妻双方都可以呆在成都吗，大概需要多长时间呢	16
train207	我去探亲怎么办理？	16
train208	我要去看清怎么办理啊	16
train209	五去看见怎么办理	16
train205	没去太清怎么办你	16
train210	办港澳通行证能加急办理吗？	14
train212	个人旅游日期将近?需办理加急的港澳通行证需要有哪些材料证明	14
train213	可否加急？	14
train214	能办理加急吗？	14
train215	能加急办吗？	14
train217	请问什么情况能加急办理港澳通行证，几日能办理下来	14
train218	我2月份办的港澳通行证和护照，工作人员给我说的是一个月就可以拿到，就让我填团队旅游，现在我急用港澳通行证怎么办，4月2号就的用，这怎么办，！！	14
train219	需要加急呀	14
train211	港澳通行证已经过期了，需要换证以及办理签注，可以加急办理吗？	14
train216	你好，在官网查询到港澳通行证过期换证正常办理需要十个工作日，请问可以办理加急吗？	14